genre,filename,title,content
business,288.txt,UK economy facing 'major risks',uk manufactur sector continu face seriou challeng next two year british chamber commerc bcc say group quarterli survey compani find export pick last three month 2004 good level eight year rise come despit exchang rate cite major concern howev bcc find whole uk economi still face major risk warn growth set slow recent forecast econom growth slow 3 2004 littl 2 5 2005 2006 manufactur domest sale growth fall back slightli quarter survey 5 196 firm find employ manufactur also fall job expect low level year despit posit news export sector worri sign manufactur bcc say result reinforc concern sector persist inabl sustain recoveri outlook servic sector uncertain despit increa export order quarter bcc note bcc find confid increa quarter across manufactur servic sector although over fail reach level start 2004 reduc threat interest rate increa contribut improv confid say bank england rai interest rate five time novemb 2003 august last year rate keep hold sinc amid sign fall consum confid slowdown output pressur cost margin relentless increa regul threat high taxi remain seriou problem bcc director gener david frost say consum spend set decel significantli next 12 18 month unlik invest export rise suffici strongli pick slack
business,184.txt,US bank 'loses' customer details,bank america reveal lose comput tape contain account detail one million custom feder employ sever member us senat among affect could vulner ident theft senat sourc say miss tape may steal plane baggag handler bank give detail record disappear say probabl misu custom account monitor account holder would notifi unusu activ detect bank offici say bank america say tape go miss decemb ship back datum centr feder law author robust thorough investig neither would make statement lightli believ tape lose alexandra tower spokeswoman north carolina base bank tell time magazin although evid crimin activ bank say secret servic feder agenc whose brief includ investig seriou financ crime say look loss new york senat charl schumer say tell senat rule committ tape probabl steal commerci plane whether ident theft terror theft new complic world baggag handler background check care take hire increasingli sensit posit democrat senat say detail vermont colleagu pat leahi credit card account among miss senat leahi spokeswoman traci schmaler say 900 000 militari civilian staff defenc depart among 1 2 million affect accord pentagon spokesman
business,471.txt,China suspends 26 power projects,china order halt construct work 26 big power station includ two three gorg dam environ ground move surpri one china struggl increa energi suppli boom economi last year 24 provinc suffer black state environ protect agenc say 26 project fail proper environ assess top list controversi dam scenic upper yangtz river construct project start without approv assess environ impact typic illeg project construct first approv next say sepa vice director pan yue statement agenc websit project may allow start work proper permit would cancel say altogeth agenc order 30 project halt project includ petrochem plant port fujian bulk list make new power plant exten exist one stoppag would appear anoth step central govern battl control project licen local offici howev previou crackdown tend focu project govern argu overcapac steel cement govern encourag construct new electr gener capac solv chronic energi shortag forc mani factori onto part time work last year 2004 china increa gener capac 12 6 440 700 megawatt mw big singl project halt xiluodi dam project design produc 12 600 mw electr build jinshajiang river golden sand upper reach yangtz know second third agenc list two power station build 22bn three gorg dam project central yangtz underground 4 200 mw power plant 100 mw plant three gorg dam prove controversi china half million peopl reloc make way abroad draw critic environ group oversea human right activist dam upper yangtz also begin attract critic environmentalist china april 2004 central govern offici order halt work nearbi nu river part unit nation world heritag site three parallel river site cover yangtz mekong nu also know salween accord uk publish china review move reportedli follow protest thai govern downstream impact dam critic documentari make chine journalist china energi shortag influenc global price oil coal ship last year
business,35.txt,US gives foreign firms extra time,foreign firm give extra year meet tough new corpor govern regul impo stock market watchdog secur exchang commiss extend deadlin get line rule 15 juli 2006 mani foreign firm protest sec impo unfair burden new rule result sarban oxley act part clean corpor scandal enron worldcom section 404 sox act legisl nicknam call firm certifi financ report line rule big us firm alreadi meet requir small one foreign base firm list share stock market origin middl year past month deleg european busi leader head sec washington dc headquart protest say burden expen timesc short particularli uk cbi warn compani would choo let list drop rather get line section 404 late deleg cbi meet sec offici wednesday deci relax deadlin announc think signifi chang heart sec cbi director gener sir digbi jone tell bbc today programm listen mani oversea compani remind america globali realli mean make rule isol sec say take consid fact foreign compani alreadi work meet oner financ report rule home countri european union particular impo new intern financ report standard 2005 note underestim effort complianc requir exten provid addit time issuer take good hard look intern control say donald nicolaisen sec chief account
business,377.txt,Ukraine strikes Turkmen gas deal,ukrain agr pay 30 natur ga suppli turkmenistan deal seal three day turkmenistan cut ga suppli price disput threaten ukrainian economi suppli turkmenistan account 45 natur ga import ukrain larg coal deposit ga field turkmenistan also tri strike similar deal russia depend ga turkman presid saparmurat niyazov sign contract say turkmen side agr low price demand 2 per 1 000 cubic metr bring 58 new price still 14 high price fix contract 2004 head ukrainian state naftohaz compani yuri boyko say fulli happi deal friday turkmenistan act threat shut ga suppli ukrain attempt bring price disput head mr niyazov say govern would insist price suppli russia analyst say thay may happen russia world lead ga produc need cheap turkman ga reliev state gazprom costli invest explor oil field siberia turkmenistan second larg ga produc world
business,150.txt,Bank voted 8-1 for no rate change,deci keep interest rate hold 4 75 earli month pass 8 1 bank england rate set bodi minut show one member bank monetari polici committ mpc paul tucker vote rai rate 5 news surpri analyst expect late minut show anoth unanim deci worri growth rate consum spend behind deci freez rate minut show bank late inflat report relea last week note main reason inflat might fall weak consum spend howev mpc member paul tucker vote quarter point rise interest rate 5 argu econom growth pick equiti credit hou market strong expect bank minut say risk inflat forecast suffici downsid keep rate hold late meet howev minut add member note increa might warrant due cour economi evolv line central project ross walker uk economist royal bank scotland say surpri dissent vote make soon say minut appear tri get market focu possibl rise rate economi pan expect probabl go hike rate howev add rate increa like happen later year mpc member like look sustain pick consum spend act
business,315.txt,Euronext 'poised to make LSE bid',pan european group euronext poi launch bid london stock exchang uk medium report say last week lse reject takeov propo german rival deutsch boer 530 penc share offer valu exchang 1 35bn lse saw share rise 25 say bid undervalu busi euronext form brussel pari amsterdam exchang merg reportedli work three invest bank possibl offer lse europ big stock market key prize list stock total capitali 1 4 trillion euronext alreadi presenc london due 2001 acquisit london base option futur exchang liff trade lse clear via clearnet euronext quarter stake euronext also oper exchang lisbon last week appoint ub abn amro addit advisor also work morgan stanley despit reject deutsch boer bid last week werner seifert chief execut frankfurt base exchang may well come back improv offer long want link london two tri fail seal merger 2000 respond lse rebuff deutsch boer whose market capitali 3bn say believ could show propo offer benefit still hope make cash bid last week lse say bid undervalu advi assur transact could success implement howev indic open talk meanwhil german magazin der spiegel say part mr seifert negoti lse base futur board merg exchang mr seifert suggest merg compani would run london mayor frankfurt rai concern move could cost german job mani analyst believ german boer financ firepow euronext come bid war
business,455.txt,Gazprom 'in $36m back-tax claim',nuclear unit russian energi giant gazprom reportedli face 1bn roubl 35 7 19 1 back tax claim 2001 2003 period vedomosti newspap report russian author make demand end last year paper add taxi claim link compani export activ gazprom big ga compani world take nuclear fuel giant atomstroieksport octob 2004 main project atomstroieksport build nuclear plant iran sourc tension russia gazprom one key player complex russian energi market govern vladimir putin make move regain state influenc sector gazprom set merg state oil firm rosneft compani eventu acquir yuganskneftega main unit embattl oil giant yuko claim back taxi tool use yuko lead enforc sale yuganskneftega analyst fear kremlin continu use sort move boost effort state regain control strateg import sector oil
business,206.txt,EMI shares hit by profit warning,share music giant emi sink 16 firm issu profit warn follow disappoint sale delay two album relea emi say music sale year march fall 8 9 year profit set 15 low analyst expect blame poor sale sinc christma delay relea new album coldplay gorillaz 1200 gmt monday emi share 16 2 235 75 penni emi say two major album schedul relea end financ year march one coldplay one gorillaz relea date put back emi music sale particularli order januari also low anticip expect continu februari march compani add therefor full year constant currenc emi music sale expect 8 9 low prior year compani say expect profit 138 259 8 alain levi chairman chief execut emi music describ perform disappoint add remain optimist futur trend industri physic music market show sign stabili mani part world digit music form continu develop rapid pace say comment delay relea coldplay gorillaz album mr levi say creat market music exact scienc alway coincid report period reschedul recent soft disappoint chang view improv health global record music industri add paul richard analyst numi secur say market would focu slump music sale rather time two album unusu see much downgrad phase say
business,388.txt,Egypt to sell off state-owned bank,egyptian govern reportedli plan privati one countri big public bank invest ministri offici tell reuter news agenc bank alexandria sell sometim 2005 move see evid new commit govern reduc size public sector offici say govern yet decid whether sale take form public flotat import thing decid method whether sell share public strateg investor abroad say analyst say public sector bank suit govern monetari credit exchang polici nevertheless egyptian govern speak year privati one big four state bank banqu misr nation bank egypt banqu du cair bank alexandria expect one small four big public bank bank alexandria banqu du cair would sell first announc reinforc hope investor intern financ bodi reviv egypt privati programm 190 state run compani facil sell earli 1990 1997 appoint mahmoud mohieldin reform mind technocrat new post invest minist juli take sign sell way imf world bank urg egypt remov obstacl develop privat sector say vital role play reduc poverti expand economi
business,316.txt,Christmas shoppers flock to tills,shop uk report strong sale last saturday christma claim record break number festiv shopper spokesman manchest trafford centr say big christma date sale 5 regent street associ say shop central london also expect good christma ever pictur come despit report disappoint festiv sale last coupl week trafford centr spokeswoman say 8 500 thousand vehicl arriv centr saturday 1130 gmt predict next week continu trend add similar stori bluewat kent spokesman alan jone say expect 150 000 shopper visit end saturday 100 000 sunday sale far 2 time last year say busi realli strong peopl shop right christma christma period expect peopl spend excess 200 centr saturday afternoon spokeswoman st david shop centr cardiff say look like busi day year 200 000 shopper expect visit close play st enoch shop centr glasgow 140 000 shopper time record expect pass door close time 1900 gmt senior busi manag jon walton say phenoman absolut mob everi week footfal show strong growth weekend go mad regent street associ director anni walker say saturday store heav today lot peopl go last minut shop mani peopl finish work friday go week say report slump pre christma sale relat grow popular internet sale think lot report low sale figur say internet shop go enorm store websit
entertainment,512.txt,Musical treatment for Capra film,classic film wonder life turn music produc controversi hit show jerri springer opera frank capra 1946 movi star jame stewart turn 7 music produc jon thoday work steve brown write award win music spend spend spend spokeswoman say plan earli stage cast open date theatr announc seri workshop hold london wednesday cast singer unveil music select group potenti investor mr thoday say idea turn film music ambit almost 20 year wonder life base short stori great gift philip van doren stern mr thoday manag buy right stori van doren stern famili 1999 follow mr brown success spend spend spend later secur film right paramount enabl use titl wonder life
entertainment,718.txt,US show sued for rat-eating stunt,us tv network sue 2 5 1 3 view say disgust watch contest eat dead rat stunt show austin aitken take action nbc programm fear factor say watch show cau blood pressur rise high becom dizzi light head legal assist say nbc send wrong messag view cash make peopl anyth beyond reason hand write four page lawsuit say individu show eat drink dead rat crazi view point view make throw well anoth hou time mr aitken life cleveland say becom light head run toward bedroom knock head doorway spokesman nbc say comment lawsuit confirm stunt show featur rat eat scene new york time squar 8 novemb past show featur viewer eat spider live worm programm screen uk sky one
entertainment,658.txt,Spector facing more legal action,music produc phil spector face legal action mother actress accu kill donna clarkson whose daughter lana find dead mr spector home februari 2003 seek unspecifi damag civil action legal action accu mr spector murder actress la home mr spector current free 1 535 000 bail await trial 64 year old deni kill say death accid ms clarkson legal action file lo angel superior court also accu mr spector neglig batteri alleg grab hit fight restrain lana clarkson shoot death lawyer say statement clarkson famili hope would resolut regard crimin proceed move forward civil action howev ms clarkson famili understand fair administr justic take time light numer chang mr spector make legal defenc team last two year ms clarkson forc file action statut limit expir 3 februari 2005 mr spector know work beatl claim lana clarkson commit suicid lawyer lead bruce cutler vow prove innoc trial mr cutler say phil cau death woman crimin respon civilli respon either surpri file suit money seem de rigueur nowaday lo angel superior court judg expect set trial date later month spector indict murder charg septemb roderick lindblom one ms clarkson lawyer say intent let crimin proceed go forward anyth would interf prosecut
entertainment,637.txt,Top gig award for Scissor Sisters,new york band scissor sister gig year award perform year v festiv award vote listen virgin radio compil top 10 mostli domin newcom music scene year quirki disco rock band beat red hot chili pepper come second hyde park perform june virgin radio dj pete mitchel say year see amaz array talent come mainstream add scissor sister one origin eccentr band come surpri british public lap perform newcom kean come third place august gig v festiv follow maroon 5 snow patrol music veteran david bowi earn place list number eight 10 respect number seven oxfam make fair trade gig london hammersmith apollo octob featur perform rem razorlight coldplay chri martin glasgow franz ferdinand earn place number nine home town perform april annual survey vote nearli 4 000 listen
entertainment,867.txt,Film star Fox behind theatre bid,lead actor edward fox one man behind plan reopen swansea theatr think wale old star film tv hit day jackal edward mr simpson join forc swansea bear actor director terri palmer set chariti rai money buy palac theatr hope reopen audienc summer 2006 estim 500 000 need buy grade ii list build palac theatr know pavilion repertori theatr sell undisclo bidder auction 13 month ago 340 000 use nightclub 10 year oscar winner sir anthoni hopkin bear nearbi port talbot make profess debut charli chaplin lili langtri also trodden board fox tell south wale even post visit theatr surpri beauti lot money need spend bone need beauti skin say call jewel estim mani theatr leav like hope immedi futur attract enough peopl come forward allow prosper tell newspap fox first find fame 1960 one memor role assassin day jackal 1973 tv bafta princ wale 1980 edward mr simpson bring board save theatr mr palmer long stand friend 40 year two year ago decid return swansea someth citi say mr palmer say excit idea run palac chariti young actor could develop annual shakespear festiv summer five year time theatr function area without shall well satisfi help creat vital live theatr citi add keith poulton busi advi swansea alreadi commit undisclo amount money project need least 75 000 secur deposit build get two month say mr poulton benefactor express interest mr fox go give aw lot time add last year road around theatr cordon masonri roof fall onto car engin say happi safe
entertainment,634.txt,Snow Patrol feted at Irish awards,snow patrol big winner ireland top music honour meteor award pick accolad well irish band album thursday belfast bear glasgow base band collect prize ceremoni dublin point theatr westlif award good irish pop act vote public beat former member brian mcfadden franz ferdinand pick good intern band album paddi casey collect good irish male singer songwrit casey beat brian mcfadden damien rice juliett turner name good irish femal intern categori morrissey beat eminem usher robbi william good male pj harvey pip kyli minogu joss stone anastacia natasha bedingfield femal crown 8 000 fan ceremoni treat perform rapper snoop dogg brian mcfadden delta goodrem thrill featur roll stone star ronni wood snow patrol success come year make chart breakthrough third album final straw think lot band go wee bit kick make success singer gari lightbodi drummer jonni quinn say good also hard past six year snow patrol support u2 european tour later year u2 nomin good irish band album
entertainment,861.txt,Vera Drake's Bafta triumph hope,bafta film award saturday night prospect home grow movi could walk clutch trophi vera drake mike leigh tale 1950 backstreet abortionist nomin 11 categori includ good film good director good actress shortlist imelda staunton play eponym charact film spend month laud prize venic film festiv five award london critic circl wednesday night bafta tradit honour british cinema year vera drake obviou candid heap prai empir magazin review editor dan jolin say film good chanc well saturday predict would collect five six award think go lord ring style sweep imelda staunton shoo good actress say good director prize mike leigh good british film also like could steal award heavili nomin competitor aviat find neverland mr jolin tip anoth contend like aviat walk away bafta good film add find neverland lavish nomin trophi strong oscar contend million dollar babi sideway figur bafta nomin give vera drake great potenti walk away big prize sen film slap guy back film run bafta vera drake true blue british one mike leigh go win award anyth vera drake year bafta say mr jolin add film probabl technic accomplish lavish work yet mr jolin also tip phil davi well support actor prize role vera drake feel heather craney could outdon kate winslet natali portman support actress categori anywh film go win bafta say guardian film critic peter bradshaw feel might well sweep award vera drake saturday night hope bafta voter respond extrem high standard act whole cast film bafta hope say mr bradshaw feel mike leigh masterpiec entitl good film award leav dead man shoe harri potter prison azkaban summer love shaun dead slug good british film trophi cheer vera drake win whole host award add
entertainment,559.txt,Willis sues over movie 'injury',actor bruce willi su revolut studio injuri say suffer make tear sun willi seek medic expen say hit head firework film 2002 movi produc firm lawsuit say star endur mental physic injuri result alleg incid abl comment pend litig revolut studio spokesman sean duda say tear sun willi play militari command disobey order tri help save doctor patient trap nigerian jungl direct antoin fuqua film poorli receiv critic perform strongli box offic accord lawsuit injuri suffer fire explo part special effect explo know squib intend simul appear bullet strike ground lawsuit say willi endur extrem mental physic emot pain suffer specif detail injuri willi seek specif monetari damag lawsuit note star requir employ physician medic personnel state incur addit futur medic expen lawsuit say revolut studio special effect foreman joe pancak duti willi ensur squib inspect set place deton safe manner employ technician train compet use
entertainment,540.txt,Dirty Den's demise seen by 14m,14 million peopl see dirti den watt kill friday mark eastend 20th anniversari accord unoffici figur den death come 16 year supposedli shoot 1989 come back show septemb 2003 audienc bbc one one hour special averag 13 7 million peak 14 2 million last 15 minut overnight figur show den die confront zoe chrissi sam queen vic rate confirm episod give soap high audienc year overnight figur show almost 60 view public tune eastend 2000 2100 gmt leav itv1 13 plea figur bbc spokesman say show viewer realli enjoy stori den demi show high audienc come christma 1986 30 million tune see den play lesli grantham hand divorc paper wife angi two year later 24 million see appar shoot man bunch daffodil canal 16 million viewer watch return 2003 show rate sinc settl 12 million per episod grantham hit headlin may newspap print photograph appar expo via webcam dress room also allegedli insult four co star apolog deplor action moment stupid
entertainment,570.txt,Director Nair's Vanity project,indian film director mira nair say thrill give chanc make william makepeac thackeray novel vaniti fair book favourit life book one classic english literatur stori scheme 19th centuri social climber becki sharp play film ree witherspoon nair say jump chanc work film controversi make bollywood style includ two song danc routin film second half serendip realli offer vaniti fair studio focu featur distribut monsoon we d nair tell bbc world servic masterpiec programm offer next good thing reali vaniti fair actual one favourit novel sinc 16 year old irish cathol board school india sinc 1988 debut featur salaam bombay nomin good foreign languag oscar winner good first featur cann nair becom one india famou respect director restrict bollywood howev follow salaam bombay mississippi masala star denzel washington perez famili first hollywood film career peak monsoon we d 2001 golden lion award venic nair indian style adapt vaniti fair howev attack critic reach number eight box offic open week describ bollywood element jar film new end becki sharp run new life india nair say film pick way thackeray bear india move england young man see world first 16 becki sharp complet memor charact recogni recogni ladi want ladi want buck system say sort novel somehow keep side bed mani year would dip everi suddenli get complet mesmeri get old read think thackeray clariti clear sight societi fact bear india come england young man give eye outsid yet insid perspect someth realli love nair also defend deci cast american actress ree witherspoon becki sharp despit fact rest cast british irish cast intuit film cast mani non actor cast actor say intuit fall love actor viscer respon thackeray describ becki sharp minx also describ someon tini red head thin ree complet minx like irresist role seem physic perfectli suit part howev witherspoon becom pregnant nair say though creat need film trick fact also help film self fulfil prophesi first meet husband actor ryan philipp say knock need flesh girl joke fan underf lo angel actor becki sharp eventu full blow woman cour film love lumino pregnanc bring love fleshi love ampl bosom give much play nair explain camera trick use disgui witherspoon bump variou scene includ hire number young boy costum stand front run get coal cart jump hor everyth nair say also certain carriag hor go wipe screen certain moment bump
entertainment,534.txt,New Harry Potter tops book chart,harri potter half blood princ top amazon book chart less 24 hour relea date 16 juli announc thousand custom place pre order amazon co uk websit sixth book seri rowl reveal complet novel tuesday ahead schedul announc 25 decemb publish simultan uk us canada australia new zealand south africa jk rowl fifth book wizard seri harri potter order phoenix amazon larg pre order item ever 420 000 copi pre order prior relea june 2003 custom pre order harri potter half blood princ avoid stand long queue bookshop day book relea next juli fact book alreadi hit number one hot 100 book chart show incr excit custom sixth harri potter say amazon robin terrel harri potter half blood princ take stori harri potter sixth year hogwart school witchcraft wizardri lord voldemort grow strong rowl alreadi reveal half blood princ neither harri voldemort add open chapter book brew mind 13 year rowl say plenti time pregnant tinker manuscript satisfact happi ever end result also previou reveal charact kill sixth book give hint might follow public sixth book one novel remain complet seri
politics,1117.txt,Voters 'reject EU by two to one',british voter would reject european constitut two one accord poll pose question govern put countri daili telegraph poll suggest 45 peopl would vote constitut 24 favour howev yougov poll question 1 943 british adult onlin find 25 know would vote forc decid tomorrow 51 poll make mind constitut anoth 7 say would vote poll believ first pose question govern choo upcom referendum expect 2006 constitut incorpor uk law ye vote ballot paper poll ask unit kingdom approv treati establish constitut european union govern unveil question ask earli week treati sign 25 current eu member rome last octob due come forc novemb 2006 provid ratifi member state sever hold referendum critic say constitut step toward feder europ advoc say ensur effect oper enlarg 25 state eu reject treati britain isol weak europ say foreign secretari jack straw question unveil mr straw along rest cabinet back ye vote meanwhil conserv shadow foreign secretari michael ancram say referendum question seem straightforward accu govern tri confu issu put eu referendum question bill ratif constitut treat two separ issu
politics,1164.txt,Teens 'know little' of politics,teenag question survey show littl interest polit littl knowledg quarter 14 16 year old know labour govern tori offici opposit lib dem third parti almost could identifi toni blair one six know michael howard one 10 recogni charl kennedi icm survey interview 110 pupil educ watchdog ofst nearli half pupil poll say import know polit parti stand 4 question think conserv power 2 believ lib dem survey also look issu nation find union flag fish chip top list symbol food associ british mani pupil also look english scottish welsh rather british notion european hardli occur anyon
politics,1110.txt,New rules tackle 'sham weddings',new rule marriag foreign nation live uk come forc tuesday non eu citizen need home offic approv marri home offic say new rule aim reduc number sham marriag estim 15 000 year immigr group joint council welfar immigr jcwi say rule breach human right law may mount legal challeng chang unveil last year immigr minist de brown say aim avoid unnecessari disrupt genuin marriag provid firm control prevent abu previou regul anybodi wish get marri uk produc evid resid countri week give 15 day notic we d local regist offic tuesday non eu nation apart citizen switzerland liechtenstein iceland norway intend uk must either obtain visa allow get marri enter countri appli home offic certif marriag approv get certif cost 135 applic send proof legal right uk without settl statu asylum seeker await deci applic right marri uk necessari document subject immigr control wish get marri england wale must regist intent marri one 76 special design regist offic howev marri regist offic church choic rhian beynon jcwi say new rule proport discriminatori rule mean case home secretari go marriag registrar last resort current take legal opinion look peopl whose right marri breach look take case human right court ms beynon say new rule also call question parliamentari joint committ human right report publish last juli cross parti committ state signif risk new procedur incompat right marri introduc restrict disproport committ believ new law might incompat human right act ground religion belief nation report add last year immigr servic oper marriag conveni step result grow number convict januari 25 peopl take part sham marriag network base leicest jail total 35 year last novemb samuel amoah belgian nation set two sham we d coupl want remain uk jail three year sever case current go court role registrar asylum immigr act 1999 oblig report suspect sham marriag home offic key mani prosecut registrar spokesman mark rimmer say welcom new marriag regul believ would signif deterr effect remov blatant case certainli illeg countri quit long get marri mr rimmer say mr rimmer servic director registr marriag brent council north west london say consid new law infr civil liberti may see far draconian certainli still difficult marri uk marri exampl holland germani franc think proport respon govern larg problem mr rimmer say
politics,1123.txt,Labour pig poster 'anti-Semitic',labour parti accu anti semit poster depict michael howard oliv letwin jewish fli pig prospect tori candid andrew mennear whose finchley constitu contain larg jewish commun brand tasteless offen poster show two man face superimpo wing pig say day tori sum add labour say poster anti jewish anti tori one four design e mail labour member ask vote favourit mr mennear send e mail friend say shock imag show friend similarli horrifi say noth distast jewish person associ pig suggest delib intent sort thing cau great offenc clearli think possibl poster design maximum impact one clearli overstep mark withdraw campaign particularli insensit come time holocaust day difficult time mani jewish peopl mr mennear add labour spokesman deni campaign anti semit say time jame report tori back inquiri possibl public spend save publish pig fli tori sum add poster make seriou point say conserv parti spokesman say conserv concentr issu matter peopl low taxi control immigr clear see labour parti peopl fool
politics,927.txt,Hunt demo at Labour meeting,pro hunt support set protest labour spring confer countrysid allianc say expect 4 000 support demonstr hunt ban agr keep demonstr site side river tyne confer venu gateshead bid overturn law ban hunt dog england wale begin court appeal ban come forc 18 februari court appeal expect rule earli next week whether allianc challeng succeed richard dodd region director countrysid allianc say expect 2 000 4 000 support tynesid make protest hunt horn placard campaign ask bring anim alcohol mr dodd say believ would repeat troubl mar pro hunt demonstr outsid parliament septemb hold static demonstr remind labour go away say northumbria polic say pedestrian millennium bridg demonstr site shut necessari assist chief constabl david warcup liai sever protest group say negoti go well father 4 justic pension right activist stop war campaign also expect demonstr three day confer start friday pro hunt campaign claim 1949 parliament act extend right hou common overrul hou lord invalid never pass peer high court last month rule act valid propo hunt ban law pro hunt support formal launch second legal challeng ban london high court thursday countrysid allianc lodg paper seek judici review human right ground anim welfar group welcom ban mani campaign ban decad say hunt cruel unnecessari
politics,1224.txt,Tory expert denies defeat warning,conserv campaign director deni report claim warn michael howard parti could win next gener elect time monday say australian lynton crosbi tell parti leader focu tri increa tori common presenc 25 30 seat mr crosbi say statement never conver hold view mr howard later add one iota truth report strategist help australia pm john howard win four elect mr howard appoint mr crosbi elect chief last octob mr crosbi statement say conserv parti make impact issu low tax control immigr past week add labour parti want distract attent away issu realli matter peopl
politics,1215.txt,Hague's six-figure earnings shown,reward leav front bench polit show late annual regist member interest regist show former tori leader william hagu earn 820 000 top mp salari much speak fee former shadow chancellor michael portillo make 560 000 year partli speech tv work ex health secretari alan milburn earn 85 000 speech articl advic cabinet mr milburn away frontbench year step health secretari becom labour elect supremo declar interest includ 20 000 newspap articl fee 35 000 four speech also command salari 25 000 35 000 invest compani bridgepoint capit european advisori committ time offic howev lose 71 433 minist salari mr hagu work outsid parliament includ two one man show speak fee net 480 000 also earn 195 000 weekli column news world 5 000 10 000 present bbc 2 get news mr hagu also pay undisclo amount newspap seriali biographi william pitt young 135 00 work advi variou compani former defenc secretari michael portillo make money non execut director bae system stand mp next elect former foreign secretari robin cook pay 45 001 50 000 paperback edit book resign govern declar incom 205 000 also includ payment consult tote regular column guardian newspap regist also show former home offic minist ann widdecomb declar 100 000 advanc third fourth novel also receiv 30 000 act guardian agoni aunt 5 001 10 000 appear itv celebr fit club david blunkett becom pay advi indepen consult limit home secretari help seminar relationship govern busi earn 5 001and 10 000 work toni blair entri confirm king abdullah jordan pay fli holiday egypt offici discuss sights tour wadi rum tori leader michael howard fresh entri christma hamper sultan brunei also declar trip mexico last year address execut news intern helicopt privat jet travel pay support liber democrat leader charl kennedi regist donat offic support free ticket last year bafta award rent singl bedroom flat london regist contain new inform decemb 2004 monday see public annual review regist year detail payment show band 5 000 make difficult calcul exact earn
politics,1296.txt,Blair prepares to name poll date,toni blair like name 5 may elect day parliament return easter break bbc polit editor learn andrew marr say mr blair ask queen 4 5 april dissolv parliament end week mr blair far resist call name day parti step campaign recent street would draw claim say elect time matter prime minist number 10 spokeswoman would say announc elect want announc elect move signal frantic week westminst govern like tri get key legisl parliament govern need financ bill cover budget plan pass common close busi end session 7 april also seek push seriou organi crime bill card bill mr marr say wednesday today programm almost nobodi senior level insid govern parliament expect elect call 4 5 april soon common back short easter recess toni blair whip palac ask queen dissolv parliament go labour govern offici june 2006 hold gener elect recent year govern favour four year term
politics,914.txt,Drink remark 'acts as diversion',first minist statement okay get drunk divert attent real issu claim jack law chief execut alcohol focu scotland say jack mcconnel comment ill advi medium attent help move focu scotland bing drink problem mr law say scotsman journalist hamish macdonel say believ big pictur obscur remark mr mcconnel speak monday 100 secondari pupil school highland problem bing drink drink promot one sentenc comment immedi critici scottish nation parti accu encourag young peopl get drunk scottish execut insist mr mcconnel speak adult comment recognit peopl get drunk mr macdonel polit editor scotsman say think say right outset stupid ill advi remark first minist come someth like say mean get drunk pillori howev add perhap mr mcconnel could feel rightli aggriev coverag mr macdonel say think problem say lot thing bing drink age drink whole side thing lose furor one sentenc understand think much big messag obscur mr law voluntari bodi alcohol focu scotland believ damag scotland fight bing drink say accept young peopl drink problem drink mr law add think remark ill advi remark blow proport easili misrepr tri scotland want preach young peopl need acknowledg drink problemat divert real issu promot respon reduc harm ind tackl drink cultur cultur bing drink drunken say vital young peopl properli inform risk incur get drunk mr macdonel say first minist know say thing mark bind come back bite add mr mcconnel talk highland 100 teenag everi word say put webcast scottish execut look politician report think instanc lot realli good thing regret remark scottish nation parti holyrood leader nicola sturgeon write mr mcconnel tuesday accu error judgement call apolog ill judg comment withdraw immedi furiou respon first minist say comment distort take context tell ms sturgeon disappoint contribut distort say stagger encourag young peopl get drunk complet untru perhap would wiser find actual say rush repr posit undermin conven educ highland council insult intellig young peopl speak sake simpl soundbit
politics,1310.txt,Labour MP praises Tory campaign,conserv lot smart way conduct gener elect campaign labour backbench say derek wyatt say five month campaign turn voter suggest peopl alreadi rather bore thing want great campaign role chancellor gordon brown labour say economi heart campaign mr brown therefor promin role mr wyatt argu way current figur poll peopl trust see deliv eight year economi unmatch anywh world would tad foolish labour parti use past three elect labour elect chief alan milburn deni attempt sidelin mr brown face critic let tori set agenda howev mr wyatt predict campaign would get way properli chancellor deliv budget mp sittingbourn sheppey say prime minist toni blair tri hard improv stand elector sort campaign trust mr blair hurt iraq controversi add labour parti spokesman play differ mr wyatt say mr brown alreadi promin campaign role elect choic labour take britain forward conserv take back
politics,1199.txt,UKIP outspent Labour on EU poll,uk independ parti outspent labour liber democrat european elect new figur show ukip campaign slogan say europ spend 2 36 campaign second conserv 3 13 campaign take ukip third place extra 10 mep labour campaign cost 1 7 lib dem 1 19 green 404 000 accord figur reveal elector commiss wednesday much ukip fund come yorkshir millionair sir paul syke help bankrol parti billboard campaign critic accu parti effect buy vote ukip spokesman say labour conserv spend 10 last gener elect advantag public money way small parti get messag across buy adverti space add
politics,1273.txt,Blair defends terror law changes,prime minist defend measur allow hou arrest without trial say sever hundr peopl uk plot terror attack govern face opposit tori lib dem mp backbench prepar final common debat chang toni blair say could concess basic principl mr blair tell bbc control order would use limit circumst critic opposit civil right activist worri home secretari power issu detent order govern far resist pressur judg respon make order instead say judg abl quash explan send home secretari charl clark mp peer ahead final debat hou common sunday conserv shadow home secretari david davi claim judg would get power issu detent order liber democrat leader charl kennedi say concess alreadi offer govern last minut negoti 32 labour mp vote legisl last week barbara follett whose first husband kill hou arrest south africa apartheid era confirm would vote govern govern continu insist control order must issu home secretari mr blair tell bbc radio 4 woman hour advi polic secur servic say get give power mere surveil peopl sever hundr countri believ engag plot tri commit terrorist act get give power survey abl sure enough proof prosecut beyond reason doubt restrict liberti use limit circumst yougov poll daili telegraph suggest 75 respond think action sometim necessari peopl commit offenc find intellig servic plan terrorist attack tori leader michael howard tell bbc news govern make mistak rush anti terror legisl much hope would possibl reach compromi say meet toni blair leav impress realli interest variou propo put forward mr clark want hou arrest power replac indefinit jail terror suspect someth law lord rule basi breach human right bbc polit correspond vicki young say form concess measur like need get legisl hou lord labour major would requir support parti shami chakrabarti director civil liberti pressur group liberti say abl issu control order main issu say legisl travesti perver justic would remain unpalat even judg involv earli process
politics,973.txt,Asylum children to face returns,uk govern plan return asylum seeker child without parent albania trial scheme could start week may extend appli child countri child chariti react alarm say polici amount forcibl remov may guarant safeti affect home offic say may child good interest reunit commun pilot includ govern five year immigr plan aim return unaccompani asylum seek child albania fail asylum claim sinc 2002 least 9 000 18 arriv uk seek asylum without famili member child automat becom respon social servic minist hold back final remov order unaccompani child legal adult 18 least dozen albanian bear teenag think identifi return accord sourc although public confirm number select could either return famili trace place care albanian author separ negoti establish famili trace return scheme believ underway anoth countri 1989 child act public bodi duti act good interest child care laura brownl save child say grave concern least well document traffic child crime prostitut albania child go return proper assess deci case case basi say think structur place receiv return child albania deci good interest child forc remov child choic final deci five year immigr plan announc tuesday govern say address difficult issu return unaccompani asylum seek child spokesman home offic say wholli wrong suggest plan return child leav rot develop return programm unaccompani asylum seek child whose asylum humanitarian protect claim refu say spokesman explor establish recept long term care arrang countri origin believ possibl return child way good interest safe sustain believ right keep child legisl child return remain uk indefinit separ famili commun spokesman stress uk would abid intern human right oblig child could provid care plan reintegr packag would return say andrew hogg spokesman medic foundat care victim tortur say minist far fail reassur agenc far know strongli oppo scheme welfar good interest child properli take account say mr hogg albania particularli statutori child care protect structur medic foundat mani seriou concern includ assess process suitabl return degrad good interest child principl child welfar lack safeguard choo countri spokesman albanian embassi london say first hear scheme rule agreement two countri
politics,954.txt,'Debate needed' on donations cap,cap donat polit parti introduc yet elect watchdog say fear big donor buy polit favour spark call limit new report elector commiss say worth debat 10 000 cap futur right time introduc also say state fund polit parti candid abl spend elect campaign almost 68 report donat polit parti 2001 2002 2003 nearli 12 individu gift worth 1 rule alreadi chang public see give much parti report say still public suspicion commiss say cap donat would mean taxpay give parti cash someth would first accept public show work principl oppo introduct donat cap believ major departur exist system would sensibl say report cap 10 000 small enough amount make differ would ban 56 donat 2001 2003 even without chang commiss urg polit parti seek small scale donat suggest incom tax relief gift 200 also suggest increa state fund parti 3 help extend parti least two member hou common european parliament scottish parliament welsh assembl northern ireland assembl suggest new way boost elect campaign see way improv voter turnout local elect candid entitl free mailshot campaign leaflet say watchdog shift amount money allow spend elect nation level local level help politician engag well voter report suggest doubl money spend candid cut nation spend limit 20 15 commiss also say spend limit gener elect cover four month poll happen elect elector commiss chairman sam younger say doubt polit parti vital role play maintain health democraci need adequ resourc research show peopl want inform parti polit want politician visibl access public reluct state fund parti time unhappi larg privat donat call wide public debat parti fund find consensu need radic chang current system
politics,902.txt,Fox attacks Blair's Tory 'lies',toni blair lie take uk war qualm lie elect campaign say tori tori co chairman liam fox speak mr blair tell labour member tori offer hard right agenda dr fox tell bbc radio lie reason go war guess go lie anyth would discuss report parti repay 500 000 lord ashcroft predict elect defeat prime minist ratchet labour pre elect campaign weekend helicopt tour countri speech parti spring confer insist know poll date wide expect 5 may see highli person speech gateshead sunday mr blair say passion hunger first walk door 10 street describ relationship public start euphor struggl live expect reach point rai voic throw crockeri warn support complac say fight futur countri fight britain peopl britain win mr blair say whether public choo michael howard mr kennedi would result tori govern labour govern countri go back move forward dr fox accu mr blair cabinet minist tell lie oppon polici attack lie learn weekend labour tactic go go fear smear tell bbc news tori co chairman attack labour six new pledg vacuou say mr blair worri voter would take reveng failur deliv dr fox refu discuss weekend newspap report parti repay 500 000 former tori treasur lord ashcroft say parti could win elect repay loan due comment individu financ matter say insist enjoy warm construct relationship lord ashcroft meanwhil lib dem leader charl kennedi expect attack mr blair word begin nationwid tour monday mr kennedi accel lib dem elect prepar week visit manch liverpool leicest somerset basingstok shrewsburi dorset torbay say three parti polit northern citi contest labour liber democrat southern rural seat especi south west princip contend liber democrat conserv run scotland wale lib dem accu mr blair make touchi feeli speech labour deleg help regain public trust
politics,943.txt,Anglers 'could face prosecution',angler fisherman could find prosecut plan crack anim cruelti committ mp warn sloppi word draft anim welfar bill could leav angler face court even though intend environ select committ say mp say concern govern consult directli plan improv anim welfar rai complex emot issu need resolv mp say call cast iron guarant govern consult plan regul anim industri like pet fair game bird rear draft bill seek moderni improv anim welfar legisl intend protect keep anim companion anim set duti care addit maintain exist cruelti offenc creat offenc neglect keeper fail protect anim respon bill would allow anim welfar offic interven prevent harm anim well outlaw mutil anim unless demonstr anim good interest environ select committ make 101 recommend hear evid 51 organi individu one call amend bill prosecut engag fish inadvert encourag even later fail accept neither commerci fish recreat angl fall within remit draft bill therefor support govern intent exempt fish activ committ say amend need ensur case bring howev exempt fish govern care ensur person catch fish give cart blanch inflict unnecessari suffer cour pursu activ committ ad committ also say legal protect anim downgrad bill law abandon anim would significantli weaken mp urg govern redraft clau relat prosecut cruelti offenc stand draft bill would allow certain act prosecut unnecessari suffer cau anim neglect unnecessari mental suffer go unpunish committ chairman michael jack say chang law affect anim alway arou power emot great public interest draft bill except committ welcom develop approach anim welfar wait problem occur enabl action take protect anim irrev suffer take place mr jack say bill much feel work progress urg govern guarant oblig consult enshrin law extend legisl plan area pet fair circu game bird farm govern must work hard take rough edg initi propo bill introduc parliament add
sport,1530.txt,Mourinho plots impressive course,chelsea win fulham confirm posit premiership summit prove everyth place mount seriou challeng front season get strength depth great player outstand manag jose mourinho financ club world match need add big prize know difficult part one thing certain put posit make leap success impress ind beat tough everton stamford bridg newcastl carl cup 4 1 fulham great result give show good form say win major honour hard task mourinho manag make whole lot easi handl anticip expect come way mourinho big club prize champion leagu track record confid transmit top player priceless commod one anyth highli impress mourinho regard touch arrog peopl mayb appear way silverwar back talk mourinho simpli talk good game big game champion leagu final porto may critici talk word back action also find realist whenev hear spend lot money seem work rememb lot manag spend money work buy integr arjen robben player give extra dimen earli game slaughter defen tactic yet win game win titl earli season certainli lose point board vital also think critic harsh even though score goal creat chanc hat take chanc doubl threat robben damien duff thing look good wonder lack predat particularli didi drogba injur start look part sidelin feel chelsea ruud van nistelrooy would even safe bet titl chelsea also tool go far champion leagu feel would never well chanc last season sweep europ far season interest see mourinho prioriti thing life make easi size chelsea squad say believ chelsea would win leagu season even arsen fli start see noth make chang mind anyth see confirm earli impress chelsea would take encourag arsen rocki defen display spur even though run 5 4 winner mourinho say game complain five four hockey score footbal score three three train match score reach 5 4 send player back dress room defend properli get result like game 11 11 disgrac seriou note game mere confirm import sol campbel arsen much critic aim pascal cygan believ problem lie absenc campbel over effect arsen defenc confid crucial factor defend start conc goal suddenli get chill bone everi time ball come penalti area think oh find bad fear confirm arsen need rever process without campbel get clean sheet board return campbel key solidifi unit pace power air deck vastli experi calm influenc around campbel pull togeth back get defenc play unit chelsea problem present would still place money edg arsen champion season
sport,1662.txt,Dal Maso in to replace Bergamasco,david dal maso hand task replac injur mauro bergamasco flanker itali team face scotland saturday alessandro troncon continu scrum half despit return fit paul griffen experi cristian stoica recal centr expen walter pozzebon go scotland first away win noth el say manag marco bollesan realli believ team faith saturday game lose player like mauro bergamasco import us coach john kirwan put togeth good team present ever r de marigni parma mirco bergamasco stade francai c stoica montpelli masi viadana l nitoglia calvisano l orquera padova troncon treviso lo cicero l aquilla f ongaro treviso castrogiovanni calvisano dellap agen bortolami narbonn capt persico agen dal maso treviso pariss treviso g intoppa calvisano perugini calvisano del fava parma orlando treviso p griffen calvisano r pedrazzi viadana k robertson viadana
sport,1675.txt,Calder fears for Scottish rugby,former scotland intern finlay calder fear civil war sru could seriou hamper countri rb six nation campaign four member execut board includ chairman david mackay resign simmer row calder say terribl news everi level scottish rugbi david success businessman think anybodi could transform neg atmosph rise debt level mackay execut board power struggl gener committ contain member elect scotland club side drive peopl seem happi wage civil war address central issu profess rugbi run amateur say calder fact understand still argument 10 year profess arriv believ rest sru take lie think bank dismay deci ultim pull string surpri review posit wide pictur messag send think work scotland coach attempt arrest declin nation side would make much difficult matt william willi anderson must wonder walk say calder expect week argument acrimoni time look forward six nation championship disappoint imagin mani scot knack turn go get tough
sport,1747.txt,Mirza shocks Kuznetsova,sania mirza continu remark rise victori us open champion svetlana kuznetsova dubai championship tuesday 18 year old indian alreadi huge star home countri 6 4 6 2 front deliri crowd mirza sixth straight victori follow first wta tournament win hyderabad last month earli daniela hantuchova build improv form 7 6 6 2 win sixth seed alicia molik mirza need attent ankl injuri second game kuznetsova quickli slip 4 0 stage dramat comeback thrill larg indian cont crowd realli expect ankl turn say mirza play great match think crowd know play round game happen everyth well miss ball know happen mirza play silvia farina elia jelena jankov next hantuchova rise 31 world turn year number 22 reach quarter final semi final last two event tough first round match glad come say hantuchova serv well decid hang keep fight slovakian meet elena likhovtseva second round russian struggl past tunisian wild card selima sfar 2 6 6 2 7 6 likhovtseva need nine match point see sfar get point penalti swear third set seventh seed nathali dechi elena bovina among first round winner tuesday
sport,1545.txt,Redknapp poised for Saints,southampton set unveil harri redknapp new manag news confer 1500 gmt wednesday former portsmouth boss replac steve wigley reliev first team duti one win 14 leagu game charg redknapp 57 quit fratton park posit 24 novemb vow go road chanc pompey coach kevin bond poi join redknapp saint third boss season redknapp first game charg home middlesbrough saturday portsmouth chairman milan mandar say disappoint news claim redknapp talk southampton time would appear negoti go time mandar say portsmouth offici websit surpri littl shock chairman southampton pick phone keep inform accord mandar redknapp vow would join south coast rival leav portsmouth say harri hope go southampton tell absolut say say bitter disgust angri disappoint harri life deci redknapp becom cult hero lead portsmouth premiership first time mastermind surviv debut season leav club claim need break footbal though mani believ upset mandar deci bring velimir zajec execut director southampton chairman rupert low desper give former academi director wigley replac paul sturrock two game season everi chanc succeed st mari result wigley poor southampton deep troubl near foot tabl redknapp appoint confirm saint ninth manag eight year
sport,1335.txt,Greek pair attend drugs hearing,greek sprinter kosta kenteri katerina thanou appear independ tribun decid ban stand give provis suspen athlet rule bodi iaaf decemb fail take drug test athen olymp pair arriv former coach christo tzeko give evid hellen olymp committ offic deci expect announc end februari whatev rule parti right appeal court arbitr sport yianni papadoyiannaki head greek olymp team athen game last year also testifi tribun along greek sport offici athlet believ tribun reach deci uphold stand institut say papadoyiannaki whatev athlet must forget offer great moment kenteri 200 gold 2000 sydney olymp thanou silver 100 withdraw athen game last august miss drug test eve open ceremoni pair spend four day hospit claim injur motorcycl crash five member tribun assembl hellen associ amateur athlet also examin alleg kenteri thanou avoid test tel aviv chicago game tzeko also ban two year iaaf face charg assist use prohibit substanc tamper dope inspect process three repeatedli deni alleg also charg greek prosecutor face trial dope relat charg trial date set impo two year suspen duo 22 decemb iaaf describ explan miss test unaccept kenteri lawyer gregori ioannidi tell bbc sport earli week confid sprinter would clear charg fail give inform locat refu submit test refut charg unsubstanti illog say certain breach correct applic rule behalf sport author offici procedur breach also violat client right also evid prove fact client persecut
sport,1736.txt,Roddick into San Jose final,andi roddick play cyril saulni final sap open san jose sunday american top seed defend champion overcam germani tommi haa third seed 7 6 7 3 6 3 saulni surviv injuri scare semi final seventh seed austrian jurgen melzer frenchman twist ankl earli second set overcam melzer leav fume seri line call 6 7 3 7 6 3 6 3 feel horribl earli week roddick say think tonight anoth step right direct return stand get littl depth even hit perfect return roddick last four point first set tie break break start second set break straight back broke haa lead 4 2 extrem frustrat chanc top five player anyth admit haa rush backhand take advantag saulni move world top 50 first time passag final take lot work lot fight mind reveal sometim believ could get final stay mental strong way keep fight work lot
sport,1665.txt,Scots suffer another injury blow,scotland back row crisi worsen ahead rb six nation news scott gray miss open match border flanker knee injuri join donni macfadyen allist hogg sidelin star number eight simon taylor miss least first two game damag ankl comeback scott macleod ankl ligament jon petri cartilag also doubt open pari 5 februari gray 26 first cap australia murrayfield last year hurt club action weekend scotland doctor jame robson say scan show damag medial ligament scott right knee rule first part championship seek specialist advic due cour determin long scott may anoth potenti option glasgow flanker andrew wilson rule month damag ligament knee northampton recent flanker jason white prop tom smith also suffer flu miss week train session get plenti good young player come get look opportun repr rather neg william add william could turn edinburgh pair alasdair strokosch simon cross leed tyke flanker jon dunbar also train squad still await verif elig qualifi scotland
sport,1590.txt,Robben and Cole earn Chelsea win,cheslea salvag win battl portsmouth side look like premiership leader would settl point arjen robben curl late deflect leav foot shoot right side pompey box break home side brave resist chelsea continu frustrat joe cole add second 20 yard shot injuri time nigel quashi pompey good chanc effort tip fratton park crowd good voic usual even though portsmouth hold chelsea still manag carv two earli chanc striker didier drogba snap angl shot forc home keeper shaka hislop smart save unmark frank lampard strike block arjan de zeeuw pompey chase harri unsettl chelsea side south coast side start gain upper hand almost take lead quashi midfield strike swerv long rang shot keeper petr cech tip full stretch pompey stretch arsen limit recent provid similarli tough obstacl overcom chelsea team struggl exert pressur velimir zajec player stand firm visitor come live fashion break take stranglehold match visitor launch counter attack drogba spun get sight goal strike fierc shoot rock keeper hislop back block arjan de zeeuw clear danger home side also leav breath sigh relief glen johnson header fall gudjohnsen back goal crowd pompey goalmouth iceland forward tri acrobat direct ball goal put effort like arsen portsmouth let late goal robben shoot take deflect matthew taylor way past wrong foot hislop cole put bit gloss hard fight win put low shoot bottom pompey net hislop griffin primu de zeeuw taylor stone ci 76 quashi berkov 83 fay neil kamara fuller 65 yakubu sub use berger ashdown kamara cech paulo ferreira galla terri johnson duff makelel smertin cole 73 lampard robben geremi 81 drogba gudjohnsen 58 sub use cudicini bridg paulo ferreira robben lampard robben 79 cole 90 20 210 wiley staffordshir
sport,1486.txt,Cudicini misses Carling Cup final,chelsea goalkeep carlo cudicini miss sunday carl cup final club drop appeal red card newcastl italian send bring shola ameobi final minut sunday match blue boss jose mourinho promi pick cudicini final instead first choic keeper petr cech 31 year old serv one match suspen commenc immedi effect cudicini keep club record 24 clean sheet last season chelsea petr cech establish first choic mourinho sinc move stamford bridg summer 2004 22 year old czech republ intern set new premiership record 961 consecut minut without conc goal mark still run mourinho use cudicini regularli carl cup italian let one goal four appear chelsea run final
sport,1490.txt,Cole refuses to blame van Persie,ashley cole refu blame robin van persi leav arsen fulli fit striker fa cup fifth round replay sheffield unit van persi suspend alongsid denni bergkamp jose antonio rey send southampton arsen numer advantag thierri henri rule achil tendon injuri cole say one put blame robin someth happen spur moment cole add hope blame anyth cour learn send coupl time one thing go bit crazi one two second freddi ljungberg like use emerg strike role partner either arturo lupoli quinci owusu abeyi jeremi aliadi gunner boss arsen wenger say freddi option need second striker decid whether aliadi quinci lupoli start front three involv arsen also without winger robert pire sustain ankl injuri st mari wenger add look like anyth fractur good ankl sprain look like pire readi two three week
tech,2033.txt,Toxic web links help virus spread,viru writer begin use power web spread malici ware window viru call bofra turn infect machin distributor malici code click poison link e mail messag send infect machin may fall victim viru trick use prevent progam catch anti viru softwar comb code contain e mail attach viru use trick call bofra first member famili worm appear 10 novemb exploit window vulner discov day earli like mani recent viru bofra plunder address book microsoft outlook e mail address scour file infect machin fresh target address viru use mail send softwar despatch e mail messag potenti victim unlik mani recent viru travel via mail instead bodi mail messag send contain fake weblink click connect back machin distribut e mail essenti bofra turn infect machin small web server happili dole copi viru messag tri trick peopl click link promi pornograph video imag pose payment confirm paypal transact copi messag see bbc news websit bright yellow green background click link inadvert download bofra viru start search new address send filter firm clearswift say tactic creat thousand mini web server design help viru spread quickli avoid attempt shut past malici program reli singl web server download viral code target machin shut central server usual stop viru spread clearswift say fact viral code travel e mail messag send machin infect bofra could hamper effect limit spread finnish anti viru firm f secur say far see mani copi bofra viru variant circul tim warner spokesman anti viru firm finjan say peopl get creativ deliv viru get propag mr warner say organi need prepar deep defenc keep modern form malici mobil code firm secur e mail gateway say mr warner ironi let malici content web gateway say behaviour system monitor user help spot viru penetr organi start hunt victim bofra famili viru origin think offshoot mydoom bug infect machin run window 2000 95 98 xp server 2003 user run window xp appli sp2 updat vulner loophol bofra exploit
tech,2189.txt,Rolling out next generation's net,bodi overs net work grow evolv say cope well growth last 10 year start sen hardli start reach whole popul new chair internet engin task forc ietf brian carpent say ietf ensur smooth run organi net architectur broadband take grow servic like voic tv open interest challeng net think voip voic internet protocol allow phone call make net import challeng old cost model telecom say dr carpent second challeng deepli busi model servic provid lot infrastructur voip need littl infrastructur distinguish ibm engin dr carpent spend 20 year cern european laboratori particl physic new chair ietf next big challeng overs ipv6 next gener standard inform transfer rout across web cern dr carpent help pioneer advanc net applic develop world wide web well place take task net growth evolut depend standard protocol ensur architectur work talk standard crucial job ietf top prioriti ensur standard make net work open free anyon use work net build protocol call tcp ip mean transmiss control protocol internet protocol comput commun net uniqu ip address use send receiv inform ietf larg intern commun network design oper vendor research work evolut net architectur way inform send receiv make sure knit togeth leav gap see interest effect last year explain dr carpent net grow fantast rate end 90 bit glitch 2000 see clear phase consolid renew growth renew growth also buoy emerg economi like china show fast uptak broadband net technolog number broadband subscrib via dsl digit subscrib line doubl year 13 million accord figur relea end 2004 challeng face continu produc standard allow growth rate explain dr carpent give net design whole commun well reach million want reach whole popul make sure scale ipv6 standard replac exist ipv4 allow billion address net gradual work network infrastructur across world actual number address ipv4 limit four billion ip address clearli enough 10 billion peopl serv technic solut new version ip ipv6 much larg address space possibl practic limit say dr carpent standard vital someth complex net make sure standard open work across network big task differ next gener standard ipv6 make averag net user almost invi first goal ipv6 make differ peopl notic differ like london telephon number get long lot process invi peopl usual give ip address without know technic deploy start standard settl say dr carpent one problem net may never disappear complet secur dr carpent solut come technolog human behaviour peopl educ sensibl behaviour say ignor e mail claim someth think go get bad peopl remain concern secur probabl would concern walk along dark street work make sure well secur internet standard never end battl sen add even secur improv still worri bite unfortun part life duti
tech,1910.txt,Net regulation 'still possible',blur boundari tv internet rai question regul watchdog ofcom say content tv internet set move close year tv qualiti video onlin becom norm debat westminst net industri consid option lord curri chairman super regul ofcom tell panel protect audienc would alway primari concern watchdog despit remit regul net content disquiet increa among internet servic provid speech make ofcom recent month hint regul might option debat organi internet servic provid associ ispa lord curri rule possibl regul challeng ari boundari tv internet truli blur balanc strike protect consum allow assess risk say adopt rule current exist regul tv content self regul current practic net industri discuss studi suggest mani eight million household uk could adopt broadband end 2005 technolog open door tv content deliv net internet servic provid medium compani stream video content web bt alreadi set entertain divi creat distribut content could come sourc bskyb itv bbc head divi andrew burk speak possibl creat content platform risqu new age celebr chef serv explet hot dinner sure push limit say fact say content request consum go length download mayb entir regul free internet servic provid long claim respon content carri server sinc law commiss dub mere conduit back 2002 defenc appli actual knowledg illeg content fail remov level respon test sever high profil legal case richard ayer portal director tiscali say littl point tri regul internet would imposs huge chang afoot 2005 predict compani bbc offer tv content net bbc plan interact medium player give surfer chanc download programm eastend top gear make net tv mainstream rai whole new set question say one vast sum money involv maintain network suppli huge quantiti datum could herald new digit licenc fee say mr ayer inappropri net content obviou pornographi view child continu domin headlin internet regul remain polit issu say mp richard allan liber democrat spokesman mr allan think answer could lie somewh cri imposs regul appli offlin law onlin fact instead see regul bring onlin futur could bring end regul know tv content lord curri depart panel agr could realiti internet peopl power like reign content demand consum pull rather push consum choic watch watersh net say mr burk
tech,2116.txt,File-swappers ready new network,legal attack websit help peopl swap pirat film forc develop system could hard shut one site behind success bittorr file swap system produc softwar avoid pitfal earli program test version new exeem program relea late januari doubt remain new network abil ensur file swap qualiti copi late decemb movi studio launch legal campaign websit help peopl swap pirat movi use bittorr network legal campaign work way bittorr organi file share system reli link call tracker point user happi share file look shut site list tracker crippl bittorr network one site shut legal campaign suprnova org help boost popular bittorr system check tracker lead movi tv programm claim man behind suprnova org go nicknam sloncek prepar relea softwar new file swap network dub exeem interview novastream web radio sloncek say exeem would combin idea bittorr kazaa file share system like bittorr exeem tracker help point peopl toward file want like kazaa tracker hold everyon central maintain list say sloncek make system less vulner legal action aim stop peopl swap pirat movi music exeem softwar develop month current test close group user earli public version softwar avail februari sloncek say current window version softwar develop plan linux mac version say cost write softwar pay advert appear finish version program despit suprnova administr sloncek involv exeem basic technolog appear develop firm call swarm system base caribbean island saint kitt nevi user exeem system abl rate file swap help stop spread fake file sloncek tell novastream dr johan pouwel research delft univ technolog studi peer peer network say exeem next evolut file share system say would struggl popular bittorr suprnova earli version take enough care make sure good copi file share exeem prevent pollut say rate system exeem seem flaw easi insert fake file fake rate say studi show organi work record label movi studio work undermin kazaa put fake contrast moder suprnova make sure file share high qualiti moder differ system work one full crap like kazaa say fundament tension distribut integr say mr pouwel say futur version file share system like incorpor kind distribut reput system let moder prove network rate file worth download big file share moder system key say mr pouwel add legal attack bittorr drive peopl away site suprnova mani user simpli migrat tracker list site mani see huge increa traffic hard compet free say one motion pictur associ america immedi avail comment file share develop
tech,1824.txt,Ink helps drive democracy in Asia,kyrgyz republ small mountain state former soviet republ use invi ink ultraviolet reader countri elect part drive prevent multipl vote new technolog cau worri guard optim among differ sector popul effort live reput 1990 island democraci kyrgyz presid askar akaev push law requir use ink upcom parliamentari presidenti elect we govern agr fund expen associ deci kyrgyz republ see mani expert backslid high point reach mid 1990 hastili push referendum 2003 reduc legisl branch one chamber 75 deputi use ink one part gener effort show commit toward open elect german embassi soro foundat kyrgyz govern contribut purcha transpar ballot box actual technolog behind ink complic ink spray person leav thumb dri visibl normal light howev presenc ultraviolet light kind use verifi money cau ink glow neon yellow light entranc poll station one elect offici scan voter finger uv lamp allow enter everi voter leav thumb spray ink receiv ballot ink show uv light voter allow enter poll station likewi voter refu ink receiv ballot elect assum even great signif two larg factor upcom parliamentari elect prelud potenti regim chang presidenti elect autumn well echo recent elect former soviet republ notabl ukrain georgia use ink controversi especi among group perceiv pro govern wide circul articl compar use ink rural practic mark sheep still common metaphor primarili agricultur societi author one articl begin petit drive use ink great part opposit ink often sheer ignor local newspap carri stori ink harm radioact even ultraviolet reader may cau health problem aggress middl road coalit non govern organ laud move import step forward type ink use mani elect world countri vari serbia south africa indonesia turkey common type ink elect indel visibl ink elect afghanistan show improp use type ink cau addit problem use invi ink without problem elect numer rumor spread serbia exampl christian islam leader assur popul use contrari religion rumour associ remov ink variou soft drink solvent clean product put forward howev realiti ink effect get cuticl thumb difficult wash ink stay finger least 72 hour week use ink reader panacea elect ill passag ink law nevertheless clear step forward toward free fair elect countri wide watch parliamentari elect schedul 27 februari david mikosz work ife intern non profit organi support build democrat societi
tech,2181.txt,What price for 'trusted PC security'?,buy trust comput realli trust pc vendor ask technolog analyst bill thompson recent buy ibm thinkvantag comput dell optiplex one whole rang laptop toshiba hp compaq samsung may got money reali insid shini new pc extra chip call trust platform modul tpm use rang hardwar base secur featur eventu tpm build main processor trust comput group way find one everi piec hardwar mobil phone tv set top box child toy moment separ piec hardwar provid enhanc secur featur program know use part well design network system provid lot secur enjoy today big advantag tpm hardwar base moment reli softwar keep inform safe secur might password protect user account datum encrypt program firew reli program code run inher insecur processor hardwar secur less common even lot safe partli expen give someon smartcard password also work user system administr manag result settl second good come comput secur trust system could major step forward laptop run program digit sign lot hard viru writer get malici code run file lock automat even get comput steal person datum safeguard moment support trust hardwar build major oper system instead use special softwar like hp protecttool wave system embassi provid file encrypt password manag ident protect usual busi user connect compani network full support trust comput specif avail microsoft next relea window longhorn includ microsoft typic act obscur call next gener secur comput base give user level program access trust comput hardwar happen expect see lot public around new capabl doubt window secur centr encourag user turn trust comput capabl turn firew howev downsid increa secur viru spywar datum theft provid trust comput base also use make digit right manag drm system secur give content provid lot control music movi book buy see recent allow digit right manag servic live lead unwelcom consequ user appl itun use abl stream music bring five itun user great way let mate discov music collect late version itun limit capabl earli upgrad reduc number time could burn select playlist purcha song cd anoth take away abil play song download real harmoni servic ipod appl write softwar control right manag emb trust hardwar even hard dedic programm find way around restrict give back fair use right guarant copyright law similarli user tivo digit video record find record show programm record automat delet day happen chang tivo make softwar user control one wonder whether hardwar base drm work believ lock digit content bad idea flexibl copyright law someth embrac take away work fundament flaw heart system order purcha view content unlock unlock someon somewh figur way make copi unlock version unlock version leak onto network uncontrol effort go drm would much well spend build effici distribut servic find busi model base trust custom offer high qualiti download fair price want much trust comput platform trust custom platform record compani film industri need recogni time pay reason amount good qualiti materi benefit build market share song friend record show want watch later burn cd kid market respect spirit copyright law seek replac restrict contract end user agreement need ensur trust comput remain control user use take away freedom enjoy today bill thompson regular comment bbc world servic programm go digit
tech,2051.txt,More power to the people says HP,digit revolut focu let peopl tell share stori accord carli fiorina chief technolog giant hewlett packard job firm hp say speech consum electron show ce ensur digit physic world fulli converg say goal 2005 make peopl centr technolog ce showca 50 000 new gadget hit shelf 2005 tech f larg kind world run 6 9 januari digit revolut democrati technolog experi make possibl tell deleg revolut alway give power peopl add real stori digit revolut new product million experi make possibl stori million tell part give peopl control free content imag video music crucial effort make devic speak well content easili transfer one devic digit camera portabl medium player lot work still need howev sort compat issu standard within technolog industri gadget work seamlessli say ms fiorina talk also tout way technolog design focu lifestyl fashion personali someth see key peopl want special guest singer gwen stefani join stage promot rang hp digit camera ms stefani help design heavili influenc japan youth cultur digit camera due go sale us summer base hp 607 model emphasi personali lifestyl big theme year ce tini wearabl mp3 player everi turn rainbow hue give colour everyth ms fiorina also announc hp work nokia launch visual radio servic mobil would launch europ earli year servic let peopl listen radio mobil download relev content like track rington simultan servic design make mobil radio interact among new product showca digit medium hub big upgrad hp digit entertain centr come autumn us box network high definit tv cabl set top box digit video record dvd record remov hard drive cartridg memori card slot light scribe label softwar let peopl design print customi dvd label cover design contain household digit medium pre record tv show pictur video music manag one place hub reflect increa move box pc work part key centr entertain research suggest 258 million imag save share everi day equat 94 billion year eighti per cent remain camera medium hub design encourag peopl organi one box ms fiorina one sever keynot speaker also includ microsoft chief bill gate set major technolog compani think peopl technolog gadget next 12 month separ announc keynot speech ms fiorina say hp would partner mtv replac year mtv asia music award mtv asia aid hold bangkok 3 februari aim help rai money asian tsunami disast
tech,2050.txt,Spam e-mails tempt net shoppers,comput user across world continu ignor secur warn spam e mail lure buy good report suggest quarter buy softwar spam e mail 24 buy cloth jewelleri well profit sell good servic drive adverti traffic organi crime ring use spam glean person inform busi softwar allianc bsa warn peopl stay alert mani onlin consum consid true motiv spammer say mike newton spokesperson bsa commiss survey sell softwar appear legitim genuin look packag sophist websit spammer hide spywar without consum knowledg softwar instal pc network inform give internet obtain abu result also show proport peopl read admit read take advantag adult entertain spam e mail low one 10 research cover 6 000 peopl six countri attitud toward junk e mail reveal brazilian like read spam third read unsolicit junk e mail 66 buy good servic receiv spam french second like buy someth 48 44 briton take advantag product servic despit 38 peopl countri worri net secur amount spam get third respond say concern spam e mail contain viru program attempt collect person inform industri medium help rai awar issu surround illegitim e mail help reduc potenti financ damag nuisanc phish attack spoof websit say william plant director corpor secur fraud protect secur firm symantec time consum need continu exerci caution protect harm mixtur spam filter spywar detect softwar sound judgement
tech,1939.txt,Fast moving phone bugs appear,secur firm warn sever mobil phone viru spread much fast similar bug new strain cabir mobil phone viru use short rang radio technolog leap vulner phone soon rang cabir viru affect high end handset run symbian seri 60 phone oper system despit warn far report phone infect new variant cabir origin cabir worm come light mid june 2004 send anti viru firm proof concept program mistak way origin cabir write mean even escap laboratori bug would abl infect one phone time howev new cabir strain mistak correct spread via short rang bluetooth technolog vulner phone rang bluetooth effect rang ten metr risk infect cabir low user must give malici program permiss download handset must manual instal user protect alter set symbian phone conceal handset bluetooth use devic finnish secur firm f secur issu warn new strain cabir say viru damag phone block normal bluetooth activ drain phone batteri anti viru firm sopho say sourc code cabir post net brazilian programm might lead even variant program creat far seven version cabir know exist one insid malici skull program find late novemb symbian seri 60 softwar licenc nokia lg electron lenovo panason samsung sendo siemen
tech,1846.txt,Lasers help bridge network gaps,indian telecommun firm turn laser help overcom problem set voic datum network countri tata teleserv use laser make link custom offic core network laser bridg work across distanc 4 km set much fast cabl connect 12 month laser help firm set network 700 locat particular geographi get permiss dig ground lie pipe bit task say mr r sridharan vice presid network tata heavi traffic layout ground mean dig uniqu difficult say locat say permiss dig road lie cabl imposs get say far easi secur permiss put network hardwar roof lead chennai base tata turn equip use laser make final mile leap tata core network premi custom lightpoint laser bridg work distanc 4 km use rout voic datum busi backbon network hardwar work pair beam datum air form laser pul laser bridg rout datum speed 1 25gbp 2 000 time fast 512kbp broadband connect tata run hardwar modest speed 1 2mbp laser also ideal india climat particularli suitabl rain rate littl low hardli ever foggi say place rain heavi fog common laser link struggl maintain good connect speed laser link also take far less time set get work say mr sridharan get permiss normal time period set hour say contrast say dig road lie cabl take week month speed set help tata aggress expan plan 12 month ago firm custom 70 town citi end march firm hope reach 1 000 speed import pace competit say mr sridharan
